cluster,size,pct_of_total,avg_elo,avg_games,pct_beginner,pct_intermediate,pct_advanced,pct_expert,elo_mean_mean,elo_std_mean,avg_time_opening_mean_mean,avg_time_opening_std_mean,avg_time_middlegame_mean_mean,avg_time_middlegame_std_mean,avg_time_endgame_mean_mean,avg_time_endgame_std_mean,time_variance_opening_mean_mean,time_variance_opening_std_mean
0,2789,12.272827282728272,1469.874338676969,11.06346360702761,27.142344926496953,34.528504840444604,30.584438866977408,7.744711366081032,1469.8438440118152,29.58146296885319,3.2797202292892926,2.4384982282055034,8.488035820257904,4.594514725173603,10.13931852698275,4.850023848531237,56.969163128467855,87.53604366877676
1,8050,35.42354235423542,1592.570533049783,13.039627329192546,14.198757763975156,34.32298136645963,40.49689440993789,10.981366459627328,1592.5516543683475,15.983211478934741,1.312811820313434,0.8789559100556248,3.2455334183916373,1.5819953204982147,4.6464040638188076,1.7512783151681306,14.610848371576658,18.974786904820473
2,11803,51.938393839383934,1825.868789165815,17.63577056680505,5.252901804625942,20.69812759467932,41.1844446327205,32.864525967974245,1825.798363391318,17.566719089421312,0.9713185875314221,0.7054609839329679,2.0878535983770674,1.0781653738356651,3.0430374708831525,1.1531212181096688,17.92421336574183,19.549474301314252
3,83,0.36523652365236525,1773.9791769573842,12.602409638554217,1.2048192771084338,22.89156626506024,57.831325301204814,18.072289156626507,1774.1552265194014,29.241701067713375,28.732503993751614,24.790248433499247,5.923299278904367,4.296897332158133,7.361188514174806,3.6201580950389514,6146.204194292573,5762.312218656411
