{
  "model_type": "random_forest",
  "metrics": {
    "val_accuracy": 0.42315175097276264,
    "test_accuracy": 0.42512919242071134,
    "adjacent_accuracy": 0.5584152396392745,
    "macro_precision": 0.41780604787116604,
    "macro_recall": 0.44537201408487753,
    "macro_f1": 0.42355390885122046
  },
  "class_distribution": {
    "Advanced": 124261,
    "Intermediate": 95896,
    "Expert": 66666,
    "Beginner": 42138
  },
  "train_size": 230272,
  "val_size": 49344,
  "test_size": 49345
}